--task1
create database lab3;

--task2
CREATE TABLE departments (
  code INTEGER PRIMARY KEY,
  name VARCHAR(255) NOT NULL ,
  budget DECIMAL NOT NULL
);

CREATE TABLE employees (
  ssn INTEGER PRIMARY KEY,
  name VARCHAR(255) NOT NULL ,
  lastname VARCHAR(255) NOT NULL ,
  department INTEGER NOT NULL ,
  city VARCHAR(255),
  FOREIGN KEY (department) REFERENCES departments(code)
);

CREATE TABLE customers (
  id SERIAL PRIMARY KEY,
  name VARCHAR(255) NOT NULL ,
  lastname VARCHAR(255) NOT NULL ,
  city VARCHAR(255)
);

INSERT INTO departments(code,name,budget) VALUES(14,'IT',65000);
INSERT INTO departments(code,name,budget) VALUES(37,'Accounting',15000);
INSERT INTO departments(code,name,budget) VALUES(59,'Human Resources',240000);
INSERT INTO departments(code,name,budget) VALUES(77,'Research',55000);
INSERT INTO departments(code,name,budget) VALUES(45,'Management',155000);
INSERT INTO departments(code,name,budget) VALUES(11,'Sales',85000);

INSERT INTO employees(ssn,name,lastname,department, city) VALUES('123234877','Michael','Rogers',14, 'Almaty');
INSERT INTO employees(ssn,name,lastname,department, city) VALUES('152934485','Anand','Manikutty',14, 'Shymkent');
INSERT INTO employees(ssn,name,lastname,department, city) VALUES('222364883','Carol','Smith',37, 'Astana');
INSERT INTO employees(ssn,name,lastname,department, city) VALUES('326587417','Joe','Stevens',37, 'Almaty');
INSERT INTO employees(ssn,name,lastname,department, city) VALUES('332154719','Mary-Anne','Foster',14, 'Astana');
INSERT INTO employees(ssn,name,lastname,department, city) VALUES('332569843','George','ODonnell',77, 'Astana');
INSERT INTO employees(ssn,name,lastname,department, city) VALUES('546523478','John','Doe',59, 'Shymkent');
INSERT INTO employees(ssn,name,lastname,department, city) VALUES('631231482','David','Smith',77, 'Almaty');
INSERT INTO employees(ssn,name,lastname,department, city) VALUES('654873219','Zacary','Efron',59, 'Almaty');
INSERT INTO employees(ssn,name,lastname,department, city) VALUES('745685214','Eric','Goldsmith',59, 'Atyrau');
INSERT INTO employees(ssn,name,lastname,department, city) VALUES('845657245','Elizabeth','Doe',14, 'Almaty');
INSERT INTO employees(ssn,name,lastname,department, city) VALUES('845657246','Kumar','Swamy',14, 'Almaty');



INSERT INTO customers(name,lastname, city) VALUES('John','Wills', 'Almaty');
INSERT INTO customers(name,lastname, city) VALUES('Garry','Foster', 'London');
INSERT INTO customers(name,lastname, city) VALUES('Amanda','Hills', 'Almaty');
INSERT INTO customers(name,lastname, city) VALUES('George','Doe', 'Tokyo');
INSERT INTO customers(name,lastname, city) VALUES('David','Little', 'Almaty');
INSERT INTO customers(name,lastname, city) VALUES('Shawn','Efron', 'Astana');
INSERT INTO customers(name,lastname, city) VALUES('Eric','Gomez', 'Shymkent');
INSERT INTO customers(name,lastname, city) VALUES('Elizabeth','Tailor', 'Almaty');
INSERT INTO customers(name,lastname, city) VALUES('Julia','Adams', 'Astana');

--task3
select employees.lastname from employees;

--task4
select distinct employees.lastname from employees;

--task5
select * from employees where lastname = 'Smith';

--task6
select * from employees where lastname = 'Smith' or lastname = 'Doe';

--task7
select * from employees where department = 14;

--task8
select * from employees where department = 14 or department = 77;

--task9
select sum(budget) from departments;

--task10
select employees.department, count(*) from employees group by department;

--task11
select employees.department, count(*) from employees group by department having count(*)>2;

--task12

select distinct budget from departments order by budget desc offset 0 limit 1;

--task13
select employees.name,employees.lastname from employees join departments d on employees.department = d.code where d.budget = (select min(budget) from departments);

--task14
select employees.name from employees where city = 'Almaty'
union
select  customers.name from customers where city = 'Almaty';

--task15
select
* from departments
where budget > 60000
order by budget , code desc;

--task16
update departments set budget = budget * 0.9 where code = (select code from departments order by budget limit 1);

--task17
update departments set name = (select name from departments where name = 'IT')
where departments.name = (select name from departments where name = 'Research');

--task18
delete from employees using departments where employees.department = departments.code and departments.name = 'IT';

--task19
delete from employees returning *;